{
  "generatedAt": "2026-05-13T15:51:23.671Z",
  "reports": [
    {
      "minutes": 5,
      "avgCpuDropPct": 39.760251294676976,
      "peakFrameDropPct": 30.76923076923077,
      "gatePass": true,
      "baseline": {
        "profile": "baseline",
        "semanticsHash": "630ba171365b85a17c045357a7701196f292c03c2679e6d3fcd1571fa843e2cf",
        "integrity": {
          "missingAgentMessages": [],
          "missingReasoningItems": [],
          "missingToolOutputs": [],
          "stuckProcessingThreads": []
        },
        "metrics": {
          "totalEvents": 1620,
          "totalActions": 5040,
          "wallTimeMs": 199.39554099999998,
          "cpuTimeMs": 294.475,
          "p95ActionMs": 0.16645899999991798,
          "maxActionMs": 2.229832999999985,
          "averageActionsPerFrame": 28,
          "peakActionsPerFrame": 52
        }
      },
      "optimized": {
        "profile": "optimized",
        "semanticsHash": "630ba171365b85a17c045357a7701196f292c03c2679e6d3fcd1571fa843e2cf",
        "integrity": {
          "missingAgentMessages": [],
          "missingReasoningItems": [],
          "missingToolOutputs": [],
          "stuckProcessingThreads": []
        },
        "metrics": {
          "totalEvents": 1620,
          "totalActions": 3600,
          "wallTimeMs": 161.16724999999985,
          "cpuTimeMs": 177.391,
          "p95ActionMs": 0.164417000000185,
          "maxActionMs": 0.8123329999998532,
          "averageActionsPerFrame": 20,
          "peakActionsPerFrame": 36
        }
      }
    },
    {
      "minutes": 60,
      "avgCpuDropPct": 0.20069722369458468,
      "peakFrameDropPct": 30.76923076923077,
      "gatePass": true,
      "baseline": {
        "profile": "baseline",
        "semanticsHash": "50c26c147817e8ad212543f8bce1a9aa69e5fbbd523a90fe519d96c35b29fd51",
        "integrity": {
          "missingAgentMessages": [],
          "missingReasoningItems": [],
          "missingToolOutputs": [],
          "stuckProcessingThreads": []
        },
        "metrics": {
          "totalEvents": 19440,
          "totalActions": 60480,
          "wallTimeMs": 21368.747958,
          "cpuTimeMs": 21565.819,
          "p95ActionMs": 1.8439579999976559,
          "maxActionMs": 4.540625000001455,
          "averageActionsPerFrame": 28,
          "peakActionsPerFrame": 52
        }
      },
      "optimized": {
        "profile": "optimized",
        "semanticsHash": "50c26c147817e8ad212543f8bce1a9aa69e5fbbd523a90fe519d96c35b29fd51",
        "integrity": {
          "missingAgentMessages": [],
          "missingReasoningItems": [],
          "missingToolOutputs": [],
          "stuckProcessingThreads": []
        },
        "metrics": {
          "totalEvents": 19440,
          "totalActions": 43200,
          "wallTimeMs": 21446.872416,
          "cpuTimeMs": 21522.537,
          "p95ActionMs": 1.9662499999976717,
          "maxActionMs": 4.010833000000275,
          "averageActionsPerFrame": 20,
          "peakActionsPerFrame": 36
        }
      }
    }
  ]
}